{
  "client_value:25000|market_trend:0|competition_level:10|seasonal_factor:0|demand_index:0": {
    "120.0": 308.36777353341927,
    "100.0": 89.97200000000001,
    "130.0": 62.054,
    "140.0": 118.57672,
    "80.0": 56.164,
    "90.0": 31.380000000000003,
    "150.0": 36.300000000000004
  },
  "client_value:18000|market_trend:0|competition_level:10|seasonal_factor:0|demand_index:0": {
    "120.0": 249.5898952520007,
    "110.0": 56.297000000000004,
    "80.0": 48.716
  },
  "client_value:32000|market_trend:0|competition_level:10|seasonal_factor:0|demand_index:0": {
    "100.0": 398.48008298671596,
    "110.0": 42.33500000000001,
    "120.0": 73.75800000000001,
    "130.0": 78.4795,
    "140.0": 43.79
  },
  "client_value:12000|market_trend:0|competition_level:10|seasonal_factor:0|demand_index:0": {
    "80.0": 219.98137887047767,
    "110.0": 46.7875,
    "130.0": 20.375,
    "100.0": 81.67625,
    "90.0": 22.875,
    "120.0": 37.05,
    "140.0": 21.25
  },
  "client_value:45000|market_trend:0|competition_level:10|seasonal_factor:0|demand_index:0": {
    "130.0": 46.765,
    "110.0": 469.5142309262251,
    "100.0": 44.050000000000004,
    "140.0": 134.6057,
    "120.0": 118.8606,
    "80.0": 38.24,
    "150.0": 52.575
  },
  "client_value:9000|market_trend:0|competition_level:10|seasonal_factor:0|demand_index:0": {
    "120.0": 165.5917233189465,
    "90.0": 20.67,
    "140.0": 17.82,
    "150.0": 35.055,
    "110.0": 21.930000000000003,
    "80.0": 20.04
  },
  "client_value:28000|market_trend:0|competition_level:10|seasonal_factor:0|demand_index:0": {
    "150.0": 425.976342819855,
    "130.0": 72.428,
    "100.0": 37.4,
    "80.0": 32.92,
    "120.0": 35.88,
    "110.0": 39.64,
    "140.0": 40.36000000000001
  },
  "client_value:15000|market_trend:0|competition_level:10|seasonal_factor:0|demand_index:0": {
    "100.0": 293.48679779408036,
    "80.0": 26.480000000000004,
    "140.0": 29.09,
    "110.0": 30.784999999999997,
    "130.0": 27.655,
    "120.0": 26.22
  },
  "client_value:38000|market_trend:0|competition_level:10|seasonal_factor:0|demand_index:0": {
    "120.0": 417.5646537105067,
    "90.0": 107.2347,
    "130.0": 84.531,
    "140.0": 47.220000000000006,
    "100.0": 80.37,
    "80.0": 69.996,
    "110.0": 45.03
  },
  "client_value:11000|market_trend:0|competition_level:10|seasonal_factor:0|demand_index:0": {
    "110.0": 234.6855181528951,
    "80.0": 57.34360000000001,
    "150.0": 20.55,
    "90.0": 41.667,
    "140.0": 19.78,
    "100.0": 22.700000000000003
  }
}